Product,Review
Laptop,"This Laptop is okay, does what it's supposed to but nothing more."
Laptop,"Pretty average Laptop, nothing about it stands out."
Laptop,"Decent Laptop for the price, but there are definitely better options."
Laptop,"Got this Laptop on sale, it's fine for the price but I wouldn't pay full."
Laptop,"The Laptop works as expected, but it doesn't wow me in any way."
Laptop,"It's an alright Laptop, though I wish it had more features."
Laptop,"The Laptop is functional, but I'm not sure it's the best value."
Laptop,"Adequate Laptop, but it leaves a bit to be desired in terms of quality."
Laptop,"This Laptop meets the basic requirements, but that's about it."
Laptop,"An okay Laptop, though it hasn't made a significant difference for me."
Textbook,"This Textbook is okay, does what it's supposed to but nothing more."
Textbook,"Pretty average Textbook, nothing about it stands out."
Textbook,"Decent Textbook for the price, but there are definitely better options."
Textbook,"Got this Textbook on sale, it's fine for the price but I wouldn't pay full."
Textbook,"The Textbook works as expected, but it doesn't wow me in any way."
Textbook,"It's an alright Textbook, though I wish it had more features."
Textbook,"The Textbook is functional, but I'm not sure it's the best value."
Textbook,"Adequate Textbook, but it leaves a bit to be desired in terms of quality."
Textbook,"This Textbook meets the basic requirements, but that's about it."
Textbook,"An okay Textbook, though it hasn't made a significant difference for me."
Meal Plan,"This Meal Plan is okay, does what it's supposed to but nothing more."
Meal Plan,"Pretty average Meal Plan, nothing about it stands out."
Meal Plan,"Decent Meal Plan for the price, but there are definitely better options."
Meal Plan,"Got this Meal Plan on sale, it's fine for the price but I wouldn't pay full."
Meal Plan,"The Meal Plan works as expected, but it doesn't wow me in any way."
Meal Plan,"It's an alright Meal Plan, though I wish it had more features."
Meal Plan,"The Meal Plan is functional, but I'm not sure it's the best value."
Meal Plan,"Adequate Meal Plan, but it leaves a bit to be desired in terms of quality."
Meal Plan,"This Meal Plan meets the basic requirements, but that's about it."
Meal Plan,"An okay Meal Plan, though it hasn't made a significant difference for me."
Headphones,"This Headphones is okay, does what it's supposed to but nothing more."
Headphones,"Pretty average Headphones, nothing about it stands out."
Headphones,"Decent Headphones for the price, but there are definitely better options."
Headphones,"Got this Headphones on sale, it's fine for the price but I wouldn't pay full."
Headphones,"The Headphones works as expected, but it doesn't wow me in any way."
Headphones,"It's an alright Headphones, though I wish it had more features."
Headphones,"The Headphones is functional, but I'm not sure it's the best value."
Headphones,"Adequate Headphones, but it leaves a bit to be desired in terms of quality."
Headphones,"This Headphones meets the basic requirements, but that's about it."
Headphones,"An okay Headphones, though it hasn't made a significant difference for me."
Backpack,"Very disappointed with this Backpack, it's not what I expected at all."
Backpack,"I regret buying this Backpack, it's not worth the price."
Backpack,"Encountered so many problems with this Backpack, can't recommend it."
Backpack,"This Backpack fell short of my expectations, looking for an alternative."
Backpack,"Not satisfied with this Backpack, I expected much better quality."
Backpack,"Unfortunately, this Backpack has been a letdown. Wouldn't buy again."
Backpack,"The Backpack seemed great at first, but it quickly showed its flaws."
Backpack,"Wish I had gone for a different Backpack, this one's not great."
Backpack,"Having used this Backpack for a while, I can't say I'm impressed."
Backpack,"Disappointed with the Backpack, it's not as good as I hoped."
Calculator,"Very disappointed with this Calculator, it's not what I expected at all."
Calculator,"I regret buying this Calculator, it's not worth the price."
Calculator,"Encountered so many problems with this Calculator, can't recommend it."
Calculator,"This Calculator fell short of my expectations, looking for an alternative."
Calculator,"Not satisfied with this Calculator, I expected much better quality."
Calculator,"Unfortunately, this Calculator has been a letdown. Wouldn't buy again."
Calculator,"The Calculator seemed great at first, but it quickly showed its flaws."
Calculator,"Wish I had gone for a different Calculator, this one's not great."
Calculator,"Having used this Calculator for a while, I can't say I'm impressed."
Calculator,"Disappointed with the Calculator, it's not as good as I hoped."
Smartphone,"This Smartphone is exactly what I needed for college, absolutely love it!"
Smartphone,"I'm so glad I bought this Smartphone, it has made studying so much easier."
Smartphone,"The best Smartphone I've ever purchased, highly recommend to any student."
Smartphone,I can't imagine my student life without this Smartphone now. It's perfect.
Smartphone,"Fantastic Smartphone, it's been a game-changer for my coursework."
Smartphone,"After using this Smartphone, I can see a huge improvement in my productivity."
Smartphone,"Excellent Smartphone, well worth the investment for any college student."
Smartphone,"I've recommended this Smartphone to all my friends, it's that good."
Smartphone,"Quality of this Smartphone is top-notch, very satisfied with my purchase."
Smartphone,"Really pleased with this Smartphone, it exceeds expectations."
Desk Lamp,"This Desk Lamp is okay, does what it's supposed to but nothing more."
Desk Lamp,"Pretty average Desk Lamp, nothing about it stands out."
Desk Lamp,"Decent Desk Lamp for the price, but there are definitely better options."
Desk Lamp,"Got this Desk Lamp on sale, it's fine for the price but I wouldn't pay full."
Desk Lamp,"The Desk Lamp works as expected, but it doesn't wow me in any way."
Desk Lamp,"It's an alright Desk Lamp, though I wish it had more features."
Desk Lamp,"The Desk Lamp is functional, but I'm not sure it's the best value."
Desk Lamp,"Adequate Desk Lamp, but it leaves a bit to be desired in terms of quality."
Desk Lamp,"This Desk Lamp meets the basic requirements, but that's about it."
Desk Lamp,"An okay Desk Lamp, though it hasn't made a significant difference for me."
Notebook,"This Notebook is okay, does what it's supposed to but nothing more."
Notebook,"Pretty average Notebook, nothing about it stands out."
Notebook,"Decent Notebook for the price, but there are definitely better options."
Notebook,"Got this Notebook on sale, it's fine for the price but I wouldn't pay full."
Notebook,"The Notebook works as expected, but it doesn't wow me in any way."
Notebook,"It's an alright Notebook, though I wish it had more features."
Notebook,"The Notebook is functional, but I'm not sure it's the best value."
Notebook,"Adequate Notebook, but it leaves a bit to be desired in terms of quality."
Notebook,"This Notebook meets the basic requirements, but that's about it."
Notebook,"An okay Notebook, though it hasn't made a significant difference for me."
Pen Set,"Very disappointed with this Pen Set, it's not what I expected at all."
Pen Set,"I regret buying this Pen Set, it's not worth the price."
Pen Set,"Encountered so many problems with this Pen Set, can't recommend it."
Pen Set,"This Pen Set fell short of my expectations, looking for an alternative."
Pen Set,"Not satisfied with this Pen Set, I expected much better quality."
Pen Set,"Unfortunately, this Pen Set has been a letdown. Wouldn't buy again."
Pen Set,"The Pen Set seemed great at first, but it quickly showed its flaws."
Pen Set,"Wish I had gone for a different Pen Set, this one's not great."
Pen Set,"Having used this Pen Set for a while, I can't say I'm impressed."
Pen Set,"Disappointed with the Pen Set, it's not as good as I hoped."
Water Bottle,"This Water Bottle is exactly what I needed for college, absolutely love it!"
Water Bottle,"I'm so glad I bought this Water Bottle, it has made studying so much easier."
Water Bottle,"The best Water Bottle I've ever purchased, highly recommend to any student."
Water Bottle,I can't imagine my student life without this Water Bottle now. It's perfect.
Water Bottle,"Fantastic Water Bottle, it's been a game-changer for my coursework."
Water Bottle,"After using this Water Bottle, I can see a huge improvement in my productivity."
Water Bottle,"Excellent Water Bottle, well worth the investment for any college student."
Water Bottle,"I've recommended this Water Bottle to all my friends, it's that good."
Water Bottle,"Quality of this Water Bottle is top-notch, very satisfied with my purchase."
Water Bottle,"Really pleased with this Water Bottle, it exceeds expectations."
Coffee Mug,"This Coffee Mug is exactly what I needed for college, absolutely love it!"
Coffee Mug,"I'm so glad I bought this Coffee Mug, it has made studying so much easier."
Coffee Mug,"The best Coffee Mug I've ever purchased, highly recommend to any student."
Coffee Mug,I can't imagine my student life without this Coffee Mug now. It's perfect.
Coffee Mug,"Fantastic Coffee Mug, it's been a game-changer for my coursework."
Coffee Mug,"After using this Coffee Mug, I can see a huge improvement in my productivity."
Coffee Mug,"Excellent Coffee Mug, well worth the investment for any college student."
Coffee Mug,"I've recommended this Coffee Mug to all my friends, it's that good."
Coffee Mug,"Quality of this Coffee Mug is top-notch, very satisfied with my purchase."
Coffee Mug,"Really pleased with this Coffee Mug, it exceeds expectations."
USB Drive,"This USB Drive is exactly what I needed for college, absolutely love it!"
USB Drive,"I'm so glad I bought this USB Drive, it has made studying so much easier."
USB Drive,"The best USB Drive I've ever purchased, highly recommend to any student."
USB Drive,I can't imagine my student life without this USB Drive now. It's perfect.
USB Drive,"Fantastic USB Drive, it's been a game-changer for my coursework."
USB Drive,"After using this USB Drive, I can see a huge improvement in my productivity."
USB Drive,"Excellent USB Drive, well worth the investment for any college student."
USB Drive,"I've recommended this USB Drive to all my friends, it's that good."
USB Drive,"Quality of this USB Drive is top-notch, very satisfied with my purchase."
USB Drive,"Really pleased with this USB Drive, it exceeds expectations."
External Hard Drive,"Very disappointed with this External Hard Drive, it's not what I expected at all."
External Hard Drive,"I regret buying this External Hard Drive, it's not worth the price."
External Hard Drive,"Encountered so many problems with this External Hard Drive, can't recommend it."
External Hard Drive,"This External Hard Drive fell short of my expectations, looking for an alternative."
External Hard Drive,"Not satisfied with this External Hard Drive, I expected much better quality."
External Hard Drive,"Unfortunately, this External Hard Drive has been a letdown. Wouldn't buy again."
External Hard Drive,"The External Hard Drive seemed great at first, but it quickly showed its flaws."
External Hard Drive,"Wish I had gone for a different External Hard Drive, this one's not great."
External Hard Drive,"Having used this External Hard Drive for a while, I can't say I'm impressed."
External Hard Drive,"Disappointed with the External Hard Drive, it's not as good as I hoped."
Mouse,"Very disappointed with this Mouse, it's not what I expected at all."
Mouse,"I regret buying this Mouse, it's not worth the price."
Mouse,"Encountered so many problems with this Mouse, can't recommend it."
Mouse,"This Mouse fell short of my expectations, looking for an alternative."
Mouse,"Not satisfied with this Mouse, I expected much better quality."
Mouse,"Unfortunately, this Mouse has been a letdown. Wouldn't buy again."
Mouse,"The Mouse seemed great at first, but it quickly showed its flaws."
Mouse,"Wish I had gone for a different Mouse, this one's not great."
Mouse,"Having used this Mouse for a while, I can't say I'm impressed."
Mouse,"Disappointed with the Mouse, it's not as good as I hoped."
Keyboard,"Very disappointed with this Keyboard, it's not what I expected at all."
Keyboard,"I regret buying this Keyboard, it's not worth the price."
Keyboard,"Encountered so many problems with this Keyboard, can't recommend it."
Keyboard,"This Keyboard fell short of my expectations, looking for an alternative."
Keyboard,"Not satisfied with this Keyboard, I expected much better quality."
Keyboard,"Unfortunately, this Keyboard has been a letdown. Wouldn't buy again."
Keyboard,"The Keyboard seemed great at first, but it quickly showed its flaws."
Keyboard,"Wish I had gone for a different Keyboard, this one's not great."
Keyboard,"Having used this Keyboard for a while, I can't say I'm impressed."
Keyboard,"Disappointed with the Keyboard, it's not as good as I hoped."
Monitor,"This Monitor is exactly what I needed for college, absolutely love it!"
Monitor,"I'm so glad I bought this Monitor, it has made studying so much easier."
Monitor,"The best Monitor I've ever purchased, highly recommend to any student."
Monitor,I can't imagine my student life without this Monitor now. It's perfect.
Monitor,"Fantastic Monitor, it's been a game-changer for my coursework."
Monitor,"After using this Monitor, I can see a huge improvement in my productivity."
Monitor,"Excellent Monitor, well worth the investment for any college student."
Monitor,"I've recommended this Monitor to all my friends, it's that good."
Monitor,"Quality of this Monitor is top-notch, very satisfied with my purchase."
Monitor,"Really pleased with this Monitor, it exceeds expectations."
Printer,"This Printer is exactly what I needed for college, absolutely love it!"
Printer,"I'm so glad I bought this Printer, it has made studying so much easier."
Printer,"The best Printer I've ever purchased, highly recommend to any student."
Printer,I can't imagine my student life without this Printer now. It's perfect.
Printer,"Fantastic Printer, it's been a game-changer for my coursework."
Printer,"After using this Printer, I can see a huge improvement in my productivity."
Printer,"Excellent Printer, well worth the investment for any college student."
Printer,"I've recommended this Printer to all my friends, it's that good."
Printer,"Quality of this Printer is top-notch, very satisfied with my purchase."
Printer,"Really pleased with this Printer, it exceeds expectations."
Chair,"This Chair is okay, does what it's supposed to but nothing more."
Chair,"Pretty average Chair, nothing about it stands out."
Chair,"Decent Chair for the price, but there are definitely better options."
Chair,"Got this Chair on sale, it's fine for the price but I wouldn't pay full."
Chair,"The Chair works as expected, but it doesn't wow me in any way."
Chair,"It's an alright Chair, though I wish it had more features."
Chair,"The Chair is functional, but I'm not sure it's the best value."
Chair,"Adequate Chair, but it leaves a bit to be desired in terms of quality."
Chair,"This Chair meets the basic requirements, but that's about it."
Chair,"An okay Chair, though it hasn't made a significant difference for me."
Planner,"This Planner is exactly what I needed for college, absolutely love it!"
Planner,"I'm so glad I bought this Planner, it has made studying so much easier."
Planner,"The best Planner I've ever purchased, highly recommend to any student."
Planner,I can't imagine my student life without this Planner now. It's perfect.
Planner,"Fantastic Planner, it's been a game-changer for my coursework."
Planner,"After using this Planner, I can see a huge improvement in my productivity."
Planner,"Excellent Planner, well worth the investment for any college student."
Planner,"I've recommended this Planner to all my friends, it's that good."
Planner,"Quality of this Planner is top-notch, very satisfied with my purchase."
Planner,"Really pleased with this Planner, it exceeds expectations."
